{
  "providers": {
    "awscloudformation": {
      "AuthRoleName": "amplify-attendance-dev-235548-authRole",
      "UnauthRoleArn": "arn:aws:iam::808872920175:role/amplify-attendance-dev-235548-unauthRole",
      "AuthRoleArn": "arn:aws:iam::808872920175:role/amplify-attendance-dev-235548-authRole",
      "Region": "us-east-1",
      "DeploymentBucketName": "amplify-attendance-dev-235548-deployment",
      "UnauthRoleName": "amplify-attendance-dev-235548-unauthRole",
      "StackName": "amplify-attendance-dev-235548",
      "StackId": "arn:aws:cloudformation:us-east-1:808872920175:stack/amplify-attendance-dev-235548/371e0370-7028-11ed-8cc4-0ea5fbeff633",
      "AmplifyAppId": "dxhq6uxrcx9ds"
    }
  }
}